﻿<?xml version="1.0" encoding="utf-8"?>
<HelpTOC>

  <HelpTOCNode Id="a5b1eda7-e581-4e82-9fd4-cf54c105aee8" Title="Microsoft.CognitiveServices.SpeechRecognition" Url="html/db803a8f-b4c1-a049-00c7-4bf3472fc8cc.htm">
    <HelpTOCNode Id="4ac1c314-c216-499c-b62c-33f1872703a0" Title="AdmRecoOnlyPreferences Class" Url="html/1c2adb24-c57b-3263-091a-4e911fb5b2c7.htm">
      <HelpTOCNode Title="AdmRecoOnlyPreferences Constructor " Url="html/70a20035-e71d-84db-071a-67c448f545e2.htm" />
      <HelpTOCNode Title="AdmRecoOnlyPreferences Methods" Url="html/da7daf35-6fb3-cfec-98be-d1332a06c4fb.htm" />
      <HelpTOCNode Id="092687f2-31d8-4730-9e31-08ca2cdd3803" Title="AdmRecoOnlyPreferences Properties" Url="html/7991ffcb-3b4f-2e2f-fa65-753aa127a565.htm">
        <HelpTOCNode Title="AuthenticationScheme Property " Url="html/2007dc8a-f730-df51-f0ea-bff31912a54a.htm" />
        <HelpTOCNode Title="ClientId Property " Url="html/416ae70b-e7ed-ea7a-968b-99c613d0074f.htm" />
        <HelpTOCNode Title="ClientVersion Property " Url="html/7b2ffe10-9bc8-787d-0d1b-12eb8dff8093.htm" />
        <HelpTOCNode Title="IAASEnabled Property " Url="html/f1cdae2e-87f3-d1e1-d43d-14890583964f.htm" />
        <HelpTOCNode Title="LuisAppId Property " Url="html/1b46c021-3127-c4b9-7ee1-0aad27067265.htm" />
        <HelpTOCNode Title="LuisSubscriptionId Property " Url="html/b00aff2f-f638-de90-b212-7a203deb2a1f.htm" />
        <HelpTOCNode Title="TTSEnabled Property " Url="html/7d6ac593-3c99-129a-f14e-ecd7a92baaea.htm" />
        <HelpTOCNode Title="UxAppSupport Property " Url="html/5a55257e-d110-7c2c-58f3-aa8ec7f2b1d3.htm" />
      </HelpTOCNode>
    </HelpTOCNode>
    <HelpTOCNode Title="AudioCompressionType Enumeration" Url="html/67ef78b0-5bb9-8133-48e0-a4b639538e2c.htm" />
    <HelpTOCNode Title="Confidence Enumeration" Url="html/285f358c-43a9-37f6-d39d-012a881dac57.htm" />
    <HelpTOCNode Id="fde76993-acef-4004-8914-788c7e8d4378" Title="Conversation Class" Url="html/f5073a3c-4acc-086f-7a04-442b493e5b62.htm">
      <HelpTOCNode Title="Conversation Constructor " Url="html/e2f60018-3913-f15b-c981-594a7e77be6d.htm" />
      <HelpTOCNode Id="d5be341e-b7ea-4859-96ab-dbee8df0c0c5" Title="Conversation Methods" Url="html/01795a8e-9178-88b1-5084-0be76889f0b9.htm">
        <HelpTOCNode Title="AudioStart Method " Url="html/6fcab149-03f3-4e76-767e-a8e118f3aab6.htm" />
        <HelpTOCNode Title="AudioStop Method " Url="html/72f322da-0903-4f9f-27fa-76337828bfc7.htm" />
        <HelpTOCNode Id="863b1ad4-0132-44bd-97e1-613342ef1a6b" Title="CreateAudioStream Method " Url="html/6dc60a14-670c-ee6a-a3a4-70e77efd200a.htm">
          <HelpTOCNode Title="CreateAudioStream Method " Url="html/ee6c40ff-c830-6809-8357-deaaedc6dbea.htm" />
          <HelpTOCNode Title="CreateAudioStream Method (SpeechAudioFormat)" Url="html/7d3fd9f9-aa8f-2c49-b8fb-c2756e901db0.htm" />
        </HelpTOCNode>
        <HelpTOCNode Id="7fa2a840-13ab-46d9-b533-27e90695fdf6" Title="Dispose Method " Url="html/dc630282-fbf2-e73a-0be5-258ff7983db9.htm">
          <HelpTOCNode Title="Dispose Method " Url="html/9132b1aa-e2b3-89a5-75fa-bbd5e5a85e28.htm" />
          <HelpTOCNode Title="Dispose Method (Boolean)" Url="html/1e70756c-f582-eb33-8df0-5e1b5b60c7a5.htm" />
        </HelpTOCNode>
      </HelpTOCNode>
      <HelpTOCNode Id="c425fb02-3689-495b-a6ac-002c1986e557" Title="Conversation Properties" Url="html/96ac96b0-86e1-926a-7a71-71da24864f6b.htm">
        <HelpTOCNode Title="AuthenticationUri Property " Url="html/5dd7b2a5-360c-5859-94bb-355639768df3.htm" />
      </HelpTOCNode>
      <HelpTOCNode Id="cb7385ec-4f41-4fc1-8a61-7cebade43b55" Title="Conversation Events" Url="html/7f78445f-18a6-0e11-64a3-8cdd84a3f4f7.htm">
        <HelpTOCNode Title="OnConversationError Event" Url="html/c09065e3-e86c-26e2-2a2e-9bb12c7a47ae.htm" />
        <HelpTOCNode Title="OnIntent Event" Url="html/2ad5d500-4618-1618-0fc4-d0853ac44e00.htm" />
        <HelpTOCNode Title="OnMicrophoneStatus Event" Url="html/27489401-d784-aea7-f7fa-e6d2d7efa0a8.htm" />
        <HelpTOCNode Title="OnPartialResponseReceived Event" Url="html/048d413c-be48-668f-cc0d-743ff951f6cc.htm" />
        <HelpTOCNode Title="OnResponseReceived Event" Url="html/9f43b9fa-eefd-7dd9-2c6b-4d2cfe66ae0a.htm" />
      </HelpTOCNode>
    </HelpTOCNode>
    <HelpTOCNode Id="2b1734d1-29b8-45b1-a319-4b4d6616c1da" Title="DataRecognitionClient Class" Url="html/fbf9573e-a20f-1860-3f05-48fc066bab43.htm">
      <HelpTOCNode Id="9e249726-ea6a-411a-b039-38a9a417a2fc" Title="DataRecognitionClient Methods" Url="html/5b47a16b-c7f6-e78f-01e2-1662f0f69d13.htm">
        <HelpTOCNode Id="3cf93b2d-1ecc-4915-a958-9804da98f296" Title="Dispose Method " Url="html/5915c738-26b6-b92d-27e3-4b0452b53c7e.htm">
          <HelpTOCNode Title="Dispose Method (Boolean)" Url="html/6e4093f2-97a4-5447-d963-418060c6d02d.htm" />
        </HelpTOCNode>
        <HelpTOCNode Title="EndAudio Method " Url="html/17e84d0e-6289-c9fe-2a3c-f7d37c7d2c67.htm" />
        <HelpTOCNode Title="Finalize Method " Url="html/61458077-030d-889f-7cf4-0f15e4a7a2dc.htm" />
        <HelpTOCNode Title="SendAudio Method " Url="html/a192d363-9903-c059-c76c-cb1f4254e6b6.htm" />
        <HelpTOCNode Title="SendAudioFormat Method " Url="html/5897c423-ced7-3683-f6b5-3eb586b7cb49.htm" />
      </HelpTOCNode>
      <HelpTOCNode Title="DataRecognitionClient Properties" Url="html/fa59ef71-6568-29aa-c7d4-75234c14a0d3.htm" />
      <HelpTOCNode Title="DataRecognitionClient Events" Url="html/3a539c44-759b-f1dd-3c8e-809661c074f0.htm" />
    </HelpTOCNode>
    <HelpTOCNode Id="4776d7bd-7f4e-43a1-875f-f294209ed9b8" Title="DataRecognitionClientWithIntent Class" Url="html/4807097d-0560-2294-d8cf-4a1a89442a27.htm">
      <HelpTOCNode Title="DataRecognitionClientWithIntent Methods" Url="html/51a24fe0-c8a0-3c5d-033c-08946288115e.htm" />
      <HelpTOCNode Title="DataRecognitionClientWithIntent Properties" Url="html/2cf48db2-5ad2-9c08-efbe-8c3483aa7961.htm" />
      <HelpTOCNode Title="DataRecognitionClientWithIntent Events" Url="html/8532b884-ce23-c90c-d60d-a8caf63daa74.htm" />
    </HelpTOCNode>
    <HelpTOCNode Id="09648e5e-952a-4155-8505-efdb22afc9fd" Title="IConversation Interface" Url="html/9a365eca-5e07-b8bc-5890-0dc62551ce0d.htm">
      <HelpTOCNode Id="6b590a67-cdf0-4147-a060-819616d19587" Title="IConversation Methods" Url="html/3783179d-924d-82ae-b003-09fc7c734eb5.htm">
        <HelpTOCNode Title="AudioStart Method " Url="html/d8f752f2-ef77-6981-f58a-8a12f36660d6.htm" />
        <HelpTOCNode Title="AudioStop Method " Url="html/2474e71a-c486-bdbd-5d7b-c23475b112e7.htm" />
        <HelpTOCNode Id="a522d435-b5d1-41b1-befc-9ad01a895e03" Title="CreateAudioStream Method " Url="html/ee8aa57d-6894-b104-a985-12c2701f822b.htm">
          <HelpTOCNode Title="CreateAudioStream Method " Url="html/74c56639-a957-5e3e-42b5-56c9ab6753ae.htm" />
          <HelpTOCNode Title="CreateAudioStream Method (SpeechAudioFormat)" Url="html/06980881-623a-6386-1de0-bde43dd1dcf6.htm" />
        </HelpTOCNode>
      </HelpTOCNode>
      <HelpTOCNode Id="0ee99762-2eed-4d3d-a564-da7abf1cb4ec" Title="IConversation Properties" Url="html/fe82d789-a824-731d-d670-7c204b545733.htm">
        <HelpTOCNode Title="AuthenticationUri Property " Url="html/7a6a9568-ce39-c4f8-daa6-ebd8287b5a48.htm" />
      </HelpTOCNode>
      <HelpTOCNode Id="4eef9f33-9e87-418c-aa64-426d7e106a2c" Title="IConversation Events" Url="html/28e3e1dc-9d94-0503-6c4a-5adee9571f9c.htm">
        <HelpTOCNode Title="OnConversationError Event" Url="html/6ec157bc-4acb-ec63-8771-c6ce4ef5d9fc.htm" />
        <HelpTOCNode Title="OnIntent Event" Url="html/5574320d-b6b2-d972-6048-f7c4a25452a8.htm" />
        <HelpTOCNode Title="OnMicrophoneStatus Event" Url="html/402749a9-15a5-3ab1-6264-60def15e02ea.htm" />
        <HelpTOCNode Title="OnPartialResponseReceived Event" Url="html/2fd3f0cc-2f38-20b7-9cc4-7b7146e1260a.htm" />
        <HelpTOCNode Title="OnResponseReceived Event" Url="html/51d93c6b-eb09-1ec3-95a6-c4c753518582.htm" />
      </HelpTOCNode>
    </HelpTOCNode>
    <HelpTOCNode Id="43200b14-67d0-42ee-a598-322f2af717b1" Title="IDataRecognitionClient Interface" Url="html/6f226d57-ad35-17a5-3885-8efcd4985b20.htm">
      <HelpTOCNode Id="8b2aa5f3-1435-43df-a03a-afd740ad8a01" Title="IDataRecognitionClient Methods" Url="html/a4cefbc3-8740-4489-7754-1cbce4f16b52.htm">
        <HelpTOCNode Title="EndAudio Method " Url="html/3d5cd755-52a3-412b-c534-34a54c7c26e7.htm" />
        <HelpTOCNode Title="SendAudio Method " Url="html/442663f5-d2d1-c262-bb59-814e91620f2d.htm" />
        <HelpTOCNode Title="SendAudioFormat Method " Url="html/2447263e-2de1-fc57-91af-a1d08e31d1a5.htm" />
      </HelpTOCNode>
      <HelpTOCNode Title="IDataRecognitionClient Properties" Url="html/4f590d2a-095c-9fa3-3911-4305f1a72bc8.htm" />
      <HelpTOCNode Title="IDataRecognitionClient Events" Url="html/ed001112-3657-c664-3e01-0784f1bb3f3e.htm" />
    </HelpTOCNode>
    <HelpTOCNode Id="c10f4ccd-f402-4626-9f46-d37a09ec40c8" Title="Intent Class" Url="html/664435e3-53ed-c49f-0e66-284ad9544a08.htm">
      <HelpTOCNode Id="252f7145-0672-417a-8856-d5d07c9f457a" Title="Intent Fields" Url="html/c5770807-c8cd-1283-057a-59832c1f9364.htm">
        <HelpTOCNode Title="Body Field" Url="html/9df3f16d-480b-a64f-4007-fd096fe9df79.htm" />
        <HelpTOCNode Title="Headers Field" Url="html/b19b1492-97c2-44aa-ff97-b37a28233d67.htm" />
        <HelpTOCNode Title="Url Field" Url="html/cec4d2f0-ff5c-db75-a305-1442d259726f.htm" />
      </HelpTOCNode>
      <HelpTOCNode Title="Intent Methods" Url="html/a61e4f46-129b-b86f-ebbd-482e41516e1d.htm" />
    </HelpTOCNode>
    <HelpTOCNode Id="5f4f5536-88da-475c-be49-804c30a4c5cd" Title="MicrophoneEventArgs Class" Url="html/0eebf515-050b-0193-1a4c-3135b1d0641d.htm">
      <HelpTOCNode Title="MicrophoneEventArgs Methods" Url="html/35434103-aab2-867c-78ad-d8bf7366fb40.htm" />
      <HelpTOCNode Id="a06dac8a-7040-467c-8e1c-5ef48f6a8ad9" Title="MicrophoneEventArgs Properties" Url="html/0da2f8e3-6cc4-6630-cf29-80e23e6b73e3.htm">
        <HelpTOCNode Title="Recording Property " Url="html/9d4f9c7e-be13-e541-bef4-055cb1a45ef9.htm" />
      </HelpTOCNode>
    </HelpTOCNode>
    <HelpTOCNode Id="61290909-3866-42fb-a53c-d4bd4634e9be" Title="MicrophoneRecognitionClient Class" Url="html/e68e9fd2-eae7-a385-e0f9-f5789177fbfa.htm">
      <HelpTOCNode Id="5d5f7ce3-bf83-48bb-9e6f-fd049ea8506e" Title="MicrophoneRecognitionClient Methods" Url="html/ae02fb81-85e5-bed6-c55d-8e75cb1b888b.htm">
        <HelpTOCNode Title="EndMicAndRecognition Method " Url="html/c6651b4e-82dc-4bab-057b-cd72e8c08b81.htm" />
        <HelpTOCNode Title="StartMicAndRecognition Method " Url="html/b606ecbb-b965-01e0-1a74-0df3b342d9fc.htm" />
      </HelpTOCNode>
      <HelpTOCNode Title="MicrophoneRecognitionClient Properties" Url="html/33f05dea-f0ed-0a3b-d2af-680ec38c5ee5.htm" />
      <HelpTOCNode Title="MicrophoneRecognitionClient Events" Url="html/cd769f4e-7fd7-94c7-518a-0b99ae9e90fb.htm" />
    </HelpTOCNode>
    <HelpTOCNode Id="c0d7ae43-96d5-48c0-ab52-f1aaa73ea5f7" Title="MicrophoneRecognitionClientWithIntent Class" Url="html/25592aa1-03f6-eeab-c634-64b326e4f636.htm">
      <HelpTOCNode Title="MicrophoneRecognitionClientWithIntent Methods" Url="html/bd156605-012f-6b4b-7e0b-c9ddb89dbbae.htm" />
      <HelpTOCNode Title="MicrophoneRecognitionClientWithIntent Properties" Url="html/ddbd54fc-32e0-4c9f-cfd8-636980ef730d.htm" />
      <HelpTOCNode Title="MicrophoneRecognitionClientWithIntent Events" Url="html/27e70863-d6fe-1521-2c67-e8e3475fbe00.htm" />
    </HelpTOCNode>
    <HelpTOCNode Id="d99478ed-12cf-4188-9fda-39204e613375" Title="PartialSpeechResponseEventArgs Class" Url="html/34b4a91b-ebe3-0376-be8d-f77dd3902fb8.htm">
      <HelpTOCNode Title="PartialSpeechResponseEventArgs Methods" Url="html/8be3eb2f-062d-557a-dce6-de9bd28db496.htm" />
      <HelpTOCNode Id="9c0e6f62-ddfc-4e20-9578-d6fa35eb5f2d" Title="PartialSpeechResponseEventArgs Properties" Url="html/75f36d98-fc2a-4cf1-10bf-dce64bfe3b36.htm">
        <HelpTOCNode Title="PartialResult Property " Url="html/30f3f4df-3a8d-fd3d-2b80-733a9983aeaf.htm" />
      </HelpTOCNode>
    </HelpTOCNode>
    <HelpTOCNode Id="5b95b580-d368-4e92-a758-64bea508294f" Title="Preferences Class" Url="html/a11b5a3e-f465-8095-5f65-ef258c3dca75.htm">
      <HelpTOCNode Title="Preferences Constructor " Url="html/9327d54d-b567-5245-5181-1d56d3a702c9.htm" />
      <HelpTOCNode Title="Preferences Methods" Url="html/5b9b1bcd-54a6-824d-b9c7-3119ba648aa4.htm" />
      <HelpTOCNode Id="f72fe0c2-308b-4b84-8b2b-6354cac6051d" Title="Preferences Properties" Url="html/d62e8903-6db1-fddc-15e7-437704d604e0.htm">
        <HelpTOCNode Title="AuthenticationUri Property " Url="html/c184c60a-2edf-6dfe-acbb-6b17b9847412.htm" />
        <HelpTOCNode Title="Locale Property " Url="html/d1980f82-692a-9105-028f-789a23f6304c.htm" />
        <HelpTOCNode Title="MicrophoneTimeout Property " Url="html/d8038a74-15f9-21e4-71ae-e25b8f53e658.htm" />
        <HelpTOCNode Title="ServiceUri Property " Url="html/de61ea18-66ab-4d18-7cae-8230784bd5c9.htm" />
      </HelpTOCNode>
    </HelpTOCNode>
    <HelpTOCNode Id="14a3bfbe-a3af-443f-87af-4105ccde8b47" Title="RecognitionResult Class" Url="html/5bc0c939-0703-a37b-6f5d-ce7b3d654e44.htm">
      <HelpTOCNode Id="61504962-7229-43f4-acd0-afbc51fa97a3" Title="RecognitionResult Fields" Url="html/315a4464-b624-8623-8dda-a13ce8b5eae4.htm">
        <HelpTOCNode Title="RecognitionStatus Field" Url="html/cfc79677-d4b7-9739-5f11-f3d915a12be9.htm" />
        <HelpTOCNode Title="Results Field" Url="html/41c60371-46f1-f2fd-ad71-c1e7978bb946.htm" />
      </HelpTOCNode>
      <HelpTOCNode Title="RecognitionResult Methods" Url="html/f44c53c5-ac80-6198-d3f6-1e08292c8ba9.htm" />
    </HelpTOCNode>
    <HelpTOCNode Title="RecognitionStatus Enumeration" Url="html/b8902459-892e-ded8-2f50-7df1464ccee4.htm" />
    <HelpTOCNode Id="53ad4bc7-1773-4181-8c3d-de9eba03c7a9" Title="RecognizedPhrase Class" Url="html/88922209-d3c8-3f24-07d4-d497708e354b.htm">
      <HelpTOCNode Id="2ec5bf21-3806-4544-8008-01f5a4609b98" Title="RecognizedPhrase Fields" Url="html/b1645e25-cb50-212a-4001-daaf329af3f8.htm">
        <HelpTOCNode Title="Confidence Field" Url="html/c2c4975e-a7bd-4b2f-bcbd-04551f7ce4ab.htm" />
        <HelpTOCNode Title="DisplayText Field" Url="html/739dc978-21af-a6ec-eacf-684dc6b3bb31.htm" />
        <HelpTOCNode Title="InverseTextNormalizationResult Field" Url="html/689b6e25-2ea2-245f-3aaa-7d7830d27ff4.htm" />
        <HelpTOCNode Title="LexicalForm Field" Url="html/57741635-a0b6-5a86-9f34-ae881a738f72.htm" />
        <HelpTOCNode Title="MaskedInverseTextNormalizationResult Field" Url="html/504dc648-e744-313b-b868-9483cb38e6c8.htm" />
      </HelpTOCNode>
      <HelpTOCNode Title="RecognizedPhrase Methods" Url="html/d68ac202-fdae-8ca8-0296-034ea1a560c9.htm" />
    </HelpTOCNode>
    <HelpTOCNode Id="c951a52b-8e14-4081-b07b-bc9a764c4eda" Title="SpeechAudioFormat Class" Url="html/eb0bab42-7a92-384c-fef6-cc0b3c5f07f6.htm">
      <HelpTOCNode Title="SpeechAudioFormat Constructor " Url="html/7bb3483c-b857-01c2-afe6-fb40c80d864f.htm" />
      <HelpTOCNode Id="ce77eab5-0f6b-41e4-8eac-34deafb6c2f8" Title="SpeechAudioFormat Fields" Url="html/66ca99d0-0038-1c46-d1bf-3578eae45ebc.htm">
        <HelpTOCNode Title="AverageBytesPerSecond Field" Url="html/59947aaa-acc3-27c7-4f11-3d19118e3e1e.htm" />
        <HelpTOCNode Title="BitsPerSample Field" Url="html/7e9e0979-fcb2-d9d5-6f19-8bb7a04f253e.htm" />
        <HelpTOCNode Title="BlockAlign Field" Url="html/f886b224-b160-ffdb-bdce-172233b2c2ff.htm" />
        <HelpTOCNode Title="ChannelCount Field" Url="html/f67bda14-618d-6873-0971-a8f77811cc14.htm" />
        <HelpTOCNode Title="EncodingFormat Field" Url="html/b73e594f-3585-e596-0b45-ea2f128013e7.htm" />
        <HelpTOCNode Title="FormatSpecificData Field" Url="html/74df4cfb-e5cc-4f38-6f6d-2d385575f18c.htm" />
        <HelpTOCNode Title="SamplesPerSecond Field" Url="html/b12d7427-36de-04b7-3822-1c79996ddd36.htm" />
      </HelpTOCNode>
      <HelpTOCNode Id="72879783-8b50-40b2-afc0-5871c647b406" Title="SpeechAudioFormat Methods" Url="html/9b3cad25-f987-5728-5ad5-e571e5a13ff7.htm">
        <HelpTOCNode Title="create16BitPCMFormat Method " Url="html/56e58694-5d0c-9829-796c-83e983f04f2e.htm" />
        <HelpTOCNode Title="createSiren7Format Method " Url="html/ffc76fb8-a501-5b23-7750-2dc3219bd0bd.htm" />
      </HelpTOCNode>
    </HelpTOCNode>
    <HelpTOCNode Title="SpeechClientStatus Enumeration" Url="html/27067246-6845-b933-1605-29ff3224e829.htm" />
    <HelpTOCNode Id="65e541e3-bc90-4df4-962f-be34defb65b5" Title="SpeechErrorEventArgs Class" Url="html/08495368-0387-ef75-d8ce-9a9faf8deae0.htm">
      <HelpTOCNode Title="SpeechErrorEventArgs Methods" Url="html/a987db7d-ae44-bd4d-a8c3-dc0561894445.htm" />
      <HelpTOCNode Id="47d5c2b8-ad6a-4697-a0bc-bab0e4294e95" Title="SpeechErrorEventArgs Properties" Url="html/31e1d15d-091b-fe37-ddb6-f930504e9703.htm">
        <HelpTOCNode Title="SpeechErrorCode Property " Url="html/81c7f964-6b1e-a276-287b-84c2d04e76a4.htm" />
        <HelpTOCNode Title="SpeechErrorText Property " Url="html/68b2fcde-bfa6-b68e-e66c-9971a9946aa5.htm" />
      </HelpTOCNode>
    </HelpTOCNode>
    <HelpTOCNode Id="d6273604-3e75-49e8-8aa3-75a76126ebb5" Title="SpeechIntentEventArgs Class" Url="html/4299d604-e33e-f932-62fd-8587f409921e.htm">
      <HelpTOCNode Title="SpeechIntentEventArgs Methods" Url="html/988caef1-fe45-d773-36b2-638aa69bdc64.htm" />
      <HelpTOCNode Id="7ea64614-9037-484a-9a2d-b77185c94a97" Title="SpeechIntentEventArgs Properties" Url="html/68bf45dd-61d4-dc04-0b8c-2bf48ed54562.htm">
        <HelpTOCNode Title="Intent Property " Url="html/643487ff-b934-b94c-c09a-00b7060ca8fe.htm" />
        <HelpTOCNode Title="Payload Property " Url="html/a58dfc6a-38a6-c9e1-97d1-daf0b0377ade.htm" />
      </HelpTOCNode>
    </HelpTOCNode>
    <HelpTOCNode Title="SpeechRecognitionMode Enumeration" Url="html/f8d200ce-9f78-f797-8ba2-109ecf5e9106.htm" />
    <HelpTOCNode Id="420676a9-c50f-46c5-9c4a-0a845259ad84" Title="SpeechRecognitionServiceFactory Class" Url="html/a59897aa-cec2-0aaa-0f67-e198195bba49.htm">
      <HelpTOCNode Id="a4c67eaf-dd97-4b62-bc49-d5e567830cfe" Title="SpeechRecognitionServiceFactory Methods" Url="html/7ea8ddaf-73d6-4ba2-aad7-a42c49961ffd.htm">
        <HelpTOCNode Id="a40c19df-6381-45ba-b792-ca0cbcb49a1e" Title="CreateDataClient Method " Url="html/815dc65a-276b-272d-46af-d191c6a10c0d.htm">
          <HelpTOCNode Title="CreateDataClient Method (SpeechRecognitionMode, String, String)" Url="html/3777698b-8e1a-cc1b-081d-f23a9545d857.htm" />
          <HelpTOCNode Title="CreateDataClient Method (SpeechRecognitionMode, String, String, String)" Url="html/ab24b39d-7628-986c-2b07-670a226b6384.htm" />
          <HelpTOCNode Title="CreateDataClient Method (SpeechRecognitionMode, String, String, String, String)" Url="html/29b52ab3-823b-fb94-b1d9-b2a9c29a167f.htm" />
        </HelpTOCNode>
        <HelpTOCNode Id="f916840f-a570-4893-bf0b-f32c43b28f28" Title="CreateDataClientWithIntent Method " Url="html/5da87468-40a5-f534-1ef2-ed7bd8335cec.htm">
          <HelpTOCNode Title="CreateDataClientWithIntent Method (String, String, String, String)" Url="html/a11a7d10-5783-9ad5-1dbe-326e7365d9ce.htm" />
          <HelpTOCNode Title="CreateDataClientWithIntent Method (String, String, String, String, String)" Url="html/d10a88cb-8f81-e33b-6e9d-4f60d1697d4b.htm" />
          <HelpTOCNode Title="CreateDataClientWithIntent Method (String, String, String, String, String, String)" Url="html/f0a90881-0b28-7783-f414-2930ddceee00.htm" />
        </HelpTOCNode>
        <HelpTOCNode Id="d1981ea7-65d2-4fb1-8d11-e9e5e17dc79d" Title="CreateMicrophoneClient Method " Url="html/879bfb10-d136-3775-afaa-809d3808fc02.htm">
          <HelpTOCNode Title="CreateMicrophoneClient Method (SpeechRecognitionMode, String, String)" Url="html/c872a11a-c84e-bf33-c19f-16073b018207.htm" />
          <HelpTOCNode Title="CreateMicrophoneClient Method (SpeechRecognitionMode, String, String, String)" Url="html/927f588f-0607-5a1d-fdb4-87f020577528.htm" />
          <HelpTOCNode Title="CreateMicrophoneClient Method (SpeechRecognitionMode, String, String, String, String)" Url="html/195f9ce6-1d90-29d9-49c3-f1571e5c4af1.htm" />
        </HelpTOCNode>
        <HelpTOCNode Id="16c5efba-e1d4-41bd-9549-e5212c66f536" Title="CreateMicrophoneClientWithIntent Method " Url="html/36aa8cec-6590-c206-b590-8fdadd43931c.htm">
          <HelpTOCNode Title="CreateMicrophoneClientWithIntent Method (String, String, String, String)" Url="html/0820361e-9b31-e0cb-ea9c-850516ff03e7.htm" />
          <HelpTOCNode Title="CreateMicrophoneClientWithIntent Method (String, String, String, String, String)" Url="html/e8f28586-3563-df97-393e-607bcb6e2e33.htm" />
          <HelpTOCNode Title="CreateMicrophoneClientWithIntent Method (String, String, String, String, String, String)" Url="html/c5e659e8-6081-a931-5d54-9b601d4043a2.htm" />
        </HelpTOCNode>
      </HelpTOCNode>
    </HelpTOCNode>
    <HelpTOCNode Id="fedea847-af8d-459d-9c88-255b59397b1b" Title="SpeechResponseEventArgs Class" Url="html/2e9a3252-7979-e339-87ca-cd48d5446014.htm">
      <HelpTOCNode Title="SpeechResponseEventArgs Methods" Url="html/ff86fe6d-55cb-d899-a53d-cf66fcd73bb1.htm" />
      <HelpTOCNode Id="b5ef31a4-5158-43f6-8782-c68663dd7287" Title="SpeechResponseEventArgs Properties" Url="html/da40433a-df9d-6e33-3514-855bed5b2e45.htm">
        <HelpTOCNode Title="PhraseResponse Property " Url="html/617a5563-0ec5-6596-6005-66cedee8ba1a.htm" />
      </HelpTOCNode>
    </HelpTOCNode>
  </HelpTOCNode>
</HelpTOC>
