﻿<?xml version="1.0" encoding="utf-8"?><HelpTOCNode Title="AdmRecoOnlyPreferences Properties" Url="html/7991ffcb-3b4f-2e2f-fa65-753aa127a565.htm"><HelpTOCNode Title="AuthenticationScheme Property " Url="html/2007dc8a-f730-df51-f0ea-bff31912a54a.htm" /><HelpTOCNode Title="ClientId Property " Url="html/416ae70b-e7ed-ea7a-968b-99c613d0074f.htm" /><HelpTOCNode Title="ClientVersion Property " Url="html/7b2ffe10-9bc8-787d-0d1b-12eb8dff8093.htm" /><HelpTOCNode Title="IAASEnabled Property " Url="html/f1cdae2e-87f3-d1e1-d43d-14890583964f.htm" /><HelpTOCNode Title="LuisAppId Property " Url="html/1b46c021-3127-c4b9-7ee1-0aad27067265.htm" /><HelpTOCNode Title="LuisSubscriptionId Property " Url="html/b00aff2f-f638-de90-b212-7a203deb2a1f.htm" /><HelpTOCNode Title="TTSEnabled Property " Url="html/7d6ac593-3c99-129a-f14e-ecd7a92baaea.htm" /><HelpTOCNode Title="UxAppSupport Property " Url="html/5a55257e-d110-7c2c-58f3-aa8ec7f2b1d3.htm" /></HelpTOCNode>