﻿<?xml version="1.0" encoding="utf-8"?><HelpTOCNode Title="Microsoft.CognitiveServices.SpeechRecognition" Url="html/db803a8f-b4c1-a049-00c7-4bf3472fc8cc.htm"><HelpTOCNode Title="AdmRecoOnlyPreferences Class" Url="html/1c2adb24-c57b-3263-091a-4e911fb5b2c7.htm" HasChildren="true" /><HelpTOCNode Title="AudioCompressionType Enumeration" Url="html/67ef78b0-5bb9-8133-48e0-a4b639538e2c.htm" /><HelpTOCNode Title="Confidence Enumeration" Url="html/285f358c-43a9-37f6-d39d-012a881dac57.htm" /><HelpTOCNode Title="Conversation Class" Url="html/f5073a3c-4acc-086f-7a04-442b493e5b62.htm" HasChildren="true" /><HelpTOCNode Title="DataRecognitionClient Class" Url="html/fbf9573e-a20f-1860-3f05-48fc066bab43.htm" HasChildren="true" /><HelpTOCNode Title="DataRecognitionClientWithIntent Class" Url="html/4807097d-0560-2294-d8cf-4a1a89442a27.htm" HasChildren="true" /><HelpTOCNode Title="IConversation Interface" Url="html/9a365eca-5e07-b8bc-5890-0dc62551ce0d.htm" HasChildren="true" /><HelpTOCNode Title="IDataRecognitionClient Interface" Url="html/6f226d57-ad35-17a5-3885-8efcd4985b20.htm" HasChildren="true" /><HelpTOCNode Title="Intent Class" Url="html/664435e3-53ed-c49f-0e66-284ad9544a08.htm" HasChildren="true" /><HelpTOCNode Title="MicrophoneEventArgs Class" Url="html/0eebf515-050b-0193-1a4c-3135b1d0641d.htm" HasChildren="true" /><HelpTOCNode Title="MicrophoneRecognitionClient Class" Url="html/e68e9fd2-eae7-a385-e0f9-f5789177fbfa.htm" HasChildren="true" /><HelpTOCNode Title="MicrophoneRecognitionClientWithIntent Class" Url="html/25592aa1-03f6-eeab-c634-64b326e4f636.htm" HasChildren="true" /><HelpTOCNode Title="PartialSpeechResponseEventArgs Class" Url="html/34b4a91b-ebe3-0376-be8d-f77dd3902fb8.htm" HasChildren="true" /><HelpTOCNode Title="Preferences Class" Url="html/a11b5a3e-f465-8095-5f65-ef258c3dca75.htm" HasChildren="true" /><HelpTOCNode Title="RecognitionResult Class" Url="html/5bc0c939-0703-a37b-6f5d-ce7b3d654e44.htm" HasChildren="true" /><HelpTOCNode Title="RecognitionStatus Enumeration" Url="html/b8902459-892e-ded8-2f50-7df1464ccee4.htm" /><HelpTOCNode Title="RecognizedPhrase Class" Url="html/88922209-d3c8-3f24-07d4-d497708e354b.htm" HasChildren="true" /><HelpTOCNode Title="SpeechAudioFormat Class" Url="html/eb0bab42-7a92-384c-fef6-cc0b3c5f07f6.htm" HasChildren="true" /><HelpTOCNode Title="SpeechClientStatus Enumeration" Url="html/27067246-6845-b933-1605-29ff3224e829.htm" /><HelpTOCNode Title="SpeechErrorEventArgs Class" Url="html/08495368-0387-ef75-d8ce-9a9faf8deae0.htm" HasChildren="true" /><HelpTOCNode Title="SpeechIntentEventArgs Class" Url="html/4299d604-e33e-f932-62fd-8587f409921e.htm" HasChildren="true" /><HelpTOCNode Title="SpeechRecognitionMode Enumeration" Url="html/f8d200ce-9f78-f797-8ba2-109ecf5e9106.htm" /><HelpTOCNode Title="SpeechRecognitionServiceFactory Class" Url="html/a59897aa-cec2-0aaa-0f67-e198195bba49.htm" HasChildren="true" /><HelpTOCNode Title="SpeechResponseEventArgs Class" Url="html/2e9a3252-7979-e339-87ca-cd48d5446014.htm" HasChildren="true" /></HelpTOCNode>